{
    "train": {
        "loss": 0.3163105552435088,
        "acc": 0.865953865104995
    },
    "validation": {
        "loss": 0.3544354069478917,
        "acc": 0.8429280975416599
    },
    "test": {
        "loss": 0.3584606541096741,
        "acc": 0.8410504630337425
    }
}