{
    "train": {
        "loss": 0.35060725094691975,
        "acc": 0.8385862861419862
    },
    "validation": {
        "loss": 0.38437019554335794,
        "acc": 0.8223274108521036
    },
    "test": {
        "loss": 0.3915618431524751,
        "acc": 0.8161489689154852
    }
}