{
    "train": {
        "loss": 0.32915068175908807,
        "acc": 0.8572785759783613
    },
    "validation": {
        "loss": 0.3892022451015984,
        "acc": 0.8211273708507703
    },
    "test": {
        "loss": 0.3938068695464587,
        "acc": 0.8174890493203094
    }
}