{
    "train": {
        "loss": 0.3129606973304721,
        "acc": 0.8654871829398739
    },
    "validation": {
        "loss": 0.38969624532378155,
        "acc": 0.8225940864119292
    },
    "test": {
        "loss": 0.39812689045847643,
        "acc": 0.8189491369112598
    }
}