{
    "train": {
        "loss": 0.36217794215692284,
        "acc": 0.8385362845765952
    },
    "validation": {
        "loss": 0.4054836394083556,
        "acc": 0.809160305281918
    },
    "test": {
        "loss": 0.41197915822502984,
        "acc": 0.8057083424778989
    }
}