{
    "train": {
        "loss": 0.3454466679600176,
        "acc": 0.8493783126362499
    },
    "validation": {
        "loss": 0.4097718204356078,
        "acc": 0.8102936763982621
    },
    "test": {
        "loss": 0.4185754130480897,
        "acc": 0.8094285656984447
    }
}