{
    "train": {
        "loss": 0.32059040193542004,
        "acc": 0.8620370678784207
    },
    "validation": {
        "loss": 0.3925906931933945,
        "acc": 0.8221274041931622
    },
    "test": {
        "loss": 0.4003447368608407,
        "acc": 0.8160489629294311
    }
}