{
    "train": {
        "loss": 0.24649917292419665,
        "acc": 0.8979799326823041
    },
    "validation": {
        "loss": 0.30620761386112094,
        "acc": 0.8660955364483428
    },
    "test": {
        "loss": 0.31276323595058825,
        "acc": 0.8625917554969852
    }
}