{
    "train": {
        "loss": 0.2208975232376878,
        "acc": 0.9117137238225832
    },
    "validation": {
        "loss": 0.3181580573518084,
        "acc": 0.8654288475666607
    },
    "test": {
        "loss": 0.32266204780055624,
        "acc": 0.8600716042807597
    }
}