{
    "train": {
        "loss": 0.22582308739764503,
        "acc": 0.9086886228805836
    },
    "validation": {
        "loss": 0.30998673360027224,
        "acc": 0.8676955897834541
    },
    "test": {
        "loss": 0.31599781135095323,
        "acc": 0.8647118827189236
    }
}