{
    "train": {
        "loss": 0.22065674340048608,
        "acc": 0.9113720457507529
    },
    "validation": {
        "loss": 0.2555449662170727,
        "acc": 0.8918963964770105
    },
    "test": {
        "loss": 0.26327521217293287,
        "acc": 0.888813328799728
    }
}