{
    "tr": {
        "loss": 0.3127393469782822,
        "acc": 0.864738930381435
    },
    "val": {
        "loss": 0.25743326541036243,
        "acc": 0.8917297243559343
    },
    "tst": {
        "loss": 0.2626798964043945,
        "acc": 0.8900134008040482
    }
}