{
    "train": {
        "loss": 0.15888351466068487,
        "acc": 0.9401730057787803
    },
    "validation": {
        "loss": 0.25054064668922876,
        "acc": 0.8987299576990326
    },
    "test": {
        "loss": 0.2544107595658128,
        "acc": 0.8963137788267296
    }
}