{
    "train": {
        "loss": 0.15944349123168428,
        "acc": 0.9391146371585456
    },
    "validation": {
        "loss": 0.2569637164603178,
        "acc": 0.8980966032538844
    },
    "test": {
        "loss": 0.2624826339824226,
        "acc": 0.8949136948216893
    }
}