{
    "train": {
        "loss": 0.1934319003726519,
        "acc": 0.923939131336167
    },
    "validation": {
        "loss": 0.26829141685178176,
        "acc": 0.889896329816069
    },
    "test": {
        "loss": 0.2712222098897969,
        "acc": 0.8898333900034002
    }
}