{
    "tr": {
        "loss": 0.23471865481549214,
        "acc": 0.9036242998132835
    },
    "val": {
        "loss": 0.24605007268382356,
        "acc": 0.8988299610344639
    },
    "train": {
        "loss": 0.17015127173938085,
        "acc": 0.9377145904903234
    },
    "test": {
        "loss": 0.25110000482148587,
        "acc": 0.8950737044389556
    }
}