{
    "tr": {
        "loss": 0.3757736017190023,
        "acc": 0.8529965981856991
    },
    "val": {
        "loss": 0.32032880821126575,
        "acc": 0.8687054377921084
    },
    "tst": {
        "loss": 0.32642117843908425,
        "acc": 0.8636918947519854
    }
}