{
    "train": {
        "loss": 0.22658928185641763,
        "acc": 0.9155138504994329
    },
    "validation": {
        "loss": 0.32273188788213947,
        "acc": 0.8675955864579571
    },
    "test": {
        "loss": 0.42879494957621844,
        "acc": 0.86185171111578
    }
}