{
    "train": {
        "loss": 0.2600784970728007,
        "acc": 0.9040718024172558
    },
    "validation": {
        "loss": 0.3184880414747501,
        "acc": 0.8686289542408568
    },
    "test": {
        "loss": 0.4026890956620172,
        "acc": 0.862191731517004
    }
}