{
    "tr": {
        "loss": 0.4036808366486713,
        "acc": 0.8619096851654215
    },
    "val": {
        "loss": 0.33168397826998863,
        "acc": 0.8646288208991052
    },
    "tst": {
        "loss": 0.37508875332725194,
        "acc": 0.8609716582911529
    }
}