{
    "tr": {
        "loss": 0.24200906742741304,
        "acc": 0.9144638154982662
    },
    "val": {
        "loss": 0.3388529182128133,
        "acc": 0.8675955864579571
    },
    "tst": {
        "loss": 0.42296079220856575,
        "acc": 0.8632517950993613
    }
}