{
    "tr": {
        "loss": 0.3813114212696682,
        "acc": 0.8469350320170758
    },
    "val": {
        "loss": 0.3173143190906403,
        "acc": 0.8678835161188816
    },
    "tst": {
        "loss": 0.32224010678051074,
        "acc": 0.8626728730128549
    }
}