{
    "train": {
        "loss": 0.21422786844516223,
        "acc": 0.9197973265457624
    },
    "validation": {
        "loss": 0.3200518662289598,
        "acc": 0.8678955964582905
    },
    "test": {
        "loss": 0.4320758871274712,
        "acc": 0.8600916054808316
    }
}