{
    "train": {
        "loss": 0.21683183817532609,
        "acc": 0.9192306409438787
    },
    "validation": {
        "loss": 0.3197614794282294,
        "acc": 0.8682289408991315
    },
    "test": {
        "loss": 0.43848620654153886,
        "acc": 0.8608316498763429
    }
}