{
    "tr": {
        "loss": 0.31358000293389965,
        "acc": 0.8991295357524013
    },
    "val": {
        "loss": 0.3378289469902013,
        "acc": 0.8648288275699678
    },
    "train": {
        "loss": 0.20756170421450323,
        "acc": 0.924647488273451
    },
    "test": {
        "loss": 0.4332319504154094,
        "acc": 0.861651699086448
    }
}