{
    "tr": {
        "loss": 0.29870531735832434,
        "acc": 0.8997965581643543
    },
    "val": {
        "loss": 0.3336050085828457,
        "acc": 0.8682956097920683
    },
    "tst": {
        "loss": 0.4533382280082906,
        "acc": 0.8632717963208922
    }
}