{
    "train": {
        "loss": 0.24472742017217347,
        "acc": 0.9080636020425821
    },
    "validation": {
        "loss": 0.3243222978706062,
        "acc": 0.8648954964629045
    },
    "test": {
        "loss": 0.4145052250708132,
        "acc": 0.8590915454986904
    }
}