{
    "train": {
        "loss": 0.23049740565520946,
        "acc": 0.9148804960403766
    },
    "validation": {
        "loss": 0.32655233516506826,
        "acc": 0.8680956031291531
    },
    "test": {
        "loss": 0.4248605294974086,
        "acc": 0.861871712301546
    }
}