{
    "train": {
        "loss": 0.20759206873521618,
        "acc": 0.9255058502188491
    },
    "validation": {
        "loss": 0.3374557517886921,
        "acc": 0.869695656452343
    },
    "test": {
        "loss": 0.4760414310088622,
        "acc": 0.8624117447177961
    }
}