{
    "train": {
        "loss": 0.21807352968049315,
        "acc": 0.9198889962184142
    },
    "validation": {
        "loss": 0.32821698284986844,
        "acc": 0.8676955897874278
    },
    "test": {
        "loss": 0.431974250208028,
        "acc": 0.8614116846927369
    }
}