{
    "train": {
        "loss": 0.21960599566692948,
        "acc": 0.9191056368207847
    },
    "validation": {
        "loss": 0.3240116439309453,
        "acc": 0.8675289175689942
    },
    "test": {
        "loss": 0.43775054657926826,
        "acc": 0.8589715382982583
    }
}