{
    "train": {
        "loss": 0.25114884293503775,
        "acc": 0.9149638321595278
    },
    "validation": {
        "loss": 0.35824822648639953,
        "acc": 0.8679955997917349
    },
    "test": {
        "loss": 0.4407581065420766,
        "acc": 0.8626517591115072
    }
}