{
    "train": {
        "loss": 0.23612782818317818,
        "acc": 0.9147054901989012
    },
    "validation": {
        "loss": 0.3395349269704209,
        "acc": 0.8685289509034386
    },
    "test": {
        "loss": 0.4109657493417691,
        "acc": 0.8640518431022415
    }
}