{
    "tr": {
        "loss": 0.1495761274953672,
        "acc": 0.9447731591092773
    },
    "val": {
        "loss": 0.24788558927689908,
        "acc": 0.8985966198952772
    },
    "tst": {
        "loss": 0.25212683640218514,
        "acc": 0.8960537632257936
    }
}