{
    "tr": {
        "loss": 0.2212659067527219,
        "acc": 0.9107261936516404
    },
    "val": {
        "loss": 0.25049156940513073,
        "acc": 0.9000633354782919
    },
    "tst": {
        "loss": 0.2510046556836083,
        "acc": 0.8986739204352261
    }
}