{
    "train": {
        "loss": 0.3167924810586013,
        "acc": 0.8648038267723707
    },
    "validation": {
        "loss": 0.37404802810363347,
        "acc": 0.8281276041918816
    },
    "test": {
        "loss": 0.3816132089164297,
        "acc": 0.82454947295288
    }
}