{
    "train": {
        "loss": 0.2967920731568703,
        "acc": 0.873370779035902
    },
    "validation": {
        "loss": 0.364595006733498,
        "acc": 0.836427880863797
    },
    "test": {
        "loss": 0.3705139828352489,
        "acc": 0.8334500069634629
    }
}