{
    "train": {
        "loss": 0.30743015421053194,
        "acc": 0.8701623387784019
    },
    "validation": {
        "loss": 0.37575573034594706,
        "acc": 0.8268608952976115
    },
    "test": {
        "loss": 0.3762023501083403,
        "acc": 0.8282496949590478
    }
}