{
    "train": {
        "loss": 0.2691112583621533,
        "acc": 0.8894713157284057
    },
    "validation": {
        "loss": 0.36137264229829374,
        "acc": 0.8390613019778341
    },
    "test": {
        "loss": 0.37039687788877274,
        "acc": 0.8364301858242624
    }
}