{
    "epoch": 26,
    "train": {
        "perplexity": 5.099820827322831
    },
    "validation": {
        "perplexity": 25.329474632364082
    },
    "test": {
        "perplexity": 27.75728227197282
    }
}