{
    "train": {
        "loss": 0.20351211435247743,
        "acc": 0.9300847461512689
    },
    "validation": {
        "loss": 0.361751953877312,
        "acc": 0.8313782982462662
    },
    "test": {
        "loss": 0.3810725271859081,
        "acc": 0.836411608869608
    }
}