{
    "train": {
        "loss": 0.21957632573534122,
        "acc": 0.9112803760284288
    },
    "validation": {
        "loss": 0.25516641362217524,
        "acc": 0.8924630820331957
    },
    "test": {
        "loss": 0.2635369424937661,
        "acc": 0.8898333900034002
    }
}