{
    "train": {
        "loss": 0.26304066402361725,
        "acc": 0.8958638897212099
    },
    "validation": {
        "loss": 0.4326522074305602,
        "acc": 0.827176783047125
    }
}