{
    "train": {
        "loss": 0.3139306970882913,
        "acc": 0.8834745753386496
    },
    "validation": {
        "loss": 0.41971468331177564,
        "acc": 0.8269794826283833
    },
    "test": {
        "loss": 0.44829480833617236,
        "acc": 0.8060685841263442
    }
}