{
    "train": {
        "loss": 0.14282545705739957,
        "acc": 0.9486636246665049
    },
    "validation": {
        "loss": 0.43700939521761584,
        "acc": 0.831378299994203
    },
    "test": {
        "loss": 0.4261384818673448,
        "acc": 0.8496042202204702
    }
}