{
    "train": {
        "loss": 0.14036853714436875,
        "acc": 0.9543676664652072
    },
    "validation": {
        "loss": 0.19080076626668577,
        "acc": 0.9252199415237673
    },
    "test": {
        "loss": 0.19561498853965295,
        "acc": 0.9393139857415473
    }
}