{
    "train": {
        "loss": 0.31892293808166094,
        "acc": 0.8629370978277617
    },
    "validation": {
        "loss": 0.39230764484126557,
        "acc": 0.8169272308619985
    },
    "test": {
        "loss": 0.40040573987872213,
        "acc": 0.8138288297560115
    }
}