{
    "train": {
        "loss": 0.3370416797609376,
        "acc": 0.8526367544909311
    },
    "validation": {
        "loss": 0.40931133638064404,
        "acc": 0.8134937830684844
    },
    "test": {
        "loss": 0.41518269621112514,
        "acc": 0.810728643695972
    }
}