{
    "train": {
        "loss": 0.14649299859534343,
        "acc": 0.9504563235708134
    },
    "validation": {
        "loss": 0.15556643444422052,
        "acc": 0.9369501487250902
    },
    "test": {
        "loss": 0.19475288877858335,
        "acc": 0.9393139830679881
    }
}