{
    "tr": {
        "loss": 0.24603971939474817,
        "acc": 0.9037698412698413
    },
    "val": {
        "loss": 0.17685463820095113,
        "acc": 0.9353562008422409
    },
    "train": {
        "loss": 0.12697641151671363,
        "acc": 0.9570957096103001
    }
}