{
    "tr": {
        "loss": 0.24228394851482735,
        "acc": 0.908068783068783
    },
    "val": {
        "loss": 0.17895888448705144,
        "acc": 0.9333773090216604
    }
}