{
    "tr": {
        "loss": 0.22845702693084935,
        "acc": 0.9072335956255001
    },
    "val": {
        "loss": 0.26693251247886673,
        "acc": 0.8936964565843156
    },
    "tst": {
        "loss": 0.26704598441494987,
        "acc": 0.8942536552360034
    }
}