{
    "train": {
        "loss": 0.18650894686871122,
        "acc": 0.9364406783546587
    },
    "validation": {
        "loss": 0.22084660854332608,
        "acc": 0.9134897383426991
    },
    "test": {
        "loss": 0.24316337315419734,
        "acc": 0.9116095010397617
    }
}