{
    "train": {
        "loss": 0.12060707873194525,
        "acc": 0.9607260726072607
    },
    "validation": {
        "loss": 0.1752131277778847,
        "acc": 0.9346965702353807
    }
}