{
    "train": {
        "loss": 0.22160822674314012,
        "acc": 0.9103438500533618
    },
    "validation": {
        "loss": 0.2641995717729782,
        "acc": 0.8931964398157621
    },
    "test": {
        "loss": 0.26698995228475086,
        "acc": 0.8935736144335553
    }
}