{
    "train": {
        "loss": 0.19860147940922374,
        "acc": 0.92209740326267
    },
    "validation": {
        "loss": 0.26471336729693656,
        "acc": 0.8908296942575769
    },
    "test": {
        "loss": 0.26966779298193255,
        "acc": 0.8896533792194424
    }
}