{
    "train": {
        "loss": 5.427182004550167
    },
    "validation": {
        "loss": 0.0414326696395874
    }
}