{
    "train": {
        "loss": 5.35393227083229
    },
    "validation": {
        "loss": 5.1219439086914065
    },
    "test": {
        "loss": 5.162547607421875
    }
}