{
    "train": {
        "loss": 3.013977816345495
    },
    "validation": {
        "loss": 3.7946832221851015
    }
}