{
    "train": {
        "loss": 5.926669537941721
    },
    "validation": {
        "loss": 5.9103131713867185
    }
}