{
    "train": {
        "loss": 4.380324880465867
    },
    "validation": {
        "loss": 4.608372192382813
    },
    "test": {
        "loss": 4.678907348632812
    }
}