{
    "train": {
        "loss": 5.044775739034017
    },
    "validation": {
        "loss": 4.919552734375
    }
}