{
    "train": {
        "loss": 5.949027285594915
    },
    "validation": {
        "loss": 5.9183681640625
    }
}