{
    "train": {
        "loss": 0.31701156694200255,
        "acc": 0.8623454114938482
    },
    "validation": {
        "loss": 0.3766977247110887,
        "acc": 0.8293276441892412
    },
    "test": {
        "loss": 0.3840627307250175,
        "acc": 0.8243294597806998
    }
}