{
    "train": {
        "loss": 0.3188813874451628,
        "acc": 0.8638454614478297
    },
    "validation": {
        "loss": 0.3738777246988711,
        "acc": 0.827860928632056
    },
    "test": {
        "loss": 0.3821067433704206,
        "acc": 0.8254895293634171
    }
}