{
    "train": {
        "loss": 0.1448256037692203,
        "acc": 0.9507822687343016
    },
    "validation": {
        "loss": 0.15434096596282948,
        "acc": 0.9442815252762736
    },
    "test": {
        "loss": 0.19347978365610016,
        "acc": 0.9406332477416086
    }
}