{
    "train": {
        "loss": 0.2770629028608777,
        "acc": 0.887059974934629
    },
    "validation": {
        "loss": 0.42571182789341094,
        "acc": 0.8167155432211689
    },
    "test": {
        "loss": 0.43831497619523224,
        "acc": 0.8192612130912439
    }
}