{
    "train": {
        "loss": 0.3586351472053876,
        "acc": 0.8526727520657953
    },
    "validation": {
        "loss": 0.3909621222977065,
        "acc": 0.83870968004126
    },
    "test": {
        "loss": 0.41761717192415826,
        "acc": 0.821899737563171
    }
}