{
    "train": {
        "loss": 0.2288287600870629,
        "acc": 0.9071802393134949
    },
    "validation": {
        "loss": 0.31099289097369975,
        "acc": 0.8670622353422797
    },
    "test": {
        "loss": 0.31661720581263747,
        "acc": 0.8637318238867835
    }
}