{
    "train": {
        "loss": 0.22475404697943338,
        "acc": 0.9089719657043747
    },
    "validation": {
        "loss": 0.3087246858641292,
        "acc": 0.8688956297887612
    },
    "test": {
        "loss": 0.3152355559170693,
        "acc": 0.8637318239010894
    }
}