{
    "train": {
        "loss": 0.3339534725319199,
        "acc": 0.8557451915401606
    },
    "validation": {
        "loss": 0.3639941471426275,
        "acc": 0.8387279575330193
    },
    "test": {
        "loss": 0.36794673432649955,
        "acc": 0.834270056216486
    }
}