{
    "train": {
        "loss": 0.2963526098504615,
        "acc": 0.8732291076130786
    },
    "validation": {
        "loss": 0.3486717845555993,
        "acc": 0.8446948230872572
    },
    "test": {
        "loss": 0.3546570540344767,
        "acc": 0.843570614257121
    }
}