{
    "train": {
        "loss": 0.3051966109771824,
        "acc": 0.8705706857173394
    },
    "validation": {
        "loss": 0.34674571630513573,
        "acc": 0.8442948097574532
    },
    "test": {
        "loss": 0.3518172311550842,
        "acc": 0.8409304558190045
    }
}