{
    "train": {
        "loss": 0.26691986179413973,
        "acc": 0.894719687403414
    },
    "validation": {
        "loss": 0.4197568582299867,
        "acc": 0.8211143705502284
    },
    "test": {
        "loss": 0.4182435978685646,
        "acc": 0.8153034318091058
    }
}