{
    "train": {
        "loss": 0.20021093966053238,
        "acc": 0.9330182532443527
    },
    "validation": {
        "loss": 0.36827747493195745,
        "acc": 0.8357771269736751
    },
    "test": {
        "loss": 0.3842687163315222,
        "acc": 0.8416886537244892
    }
}