{
    "train": {
        "loss": 0.21408607293850307,
        "acc": 0.9298914639297278
    },
    "validation": {
        "loss": 0.3682941575006319,
        "acc": 0.8403693951843282
    }
}