{
    "train": {
        "loss": 6.799855875818035,
        "f1": 0.7988980797658437
    },
    "validation": {
        "loss": 7.891644773348956,
        "f1": 0.7646588873225595
    }
}