{
    "train": {
        "loss": 0.27443535530738133,
        "acc": 0.8926010443458656
    },
    "validation": {
        "loss": 0.4034309034123798,
        "acc": 0.8269794731895246
    },
    "test": {
        "loss": 0.44105030694548875,
        "acc": 0.8007915523247228
    }
}