{
    "epoch": 5,
    "train": {
        "loss": 0.21590422385145996,
        "acc": 0.9195139837199845
    },
    "validation": {
        "loss": 0.42880140210140577,
        "acc": 0.8654621820111422
    },
    "test": {
        "loss": 0.434208752396207,
        "acc": 0.8584315058677023
    }
}