{
    "epoch": 5,
    "train": {
        "loss": 0.22004024566755742,
        "acc": 0.9178222607122214
    },
    "validation": {
        "loss": 0.32322265978928283,
        "acc": 0.8678955964582905
    },
    "test": {
        "loss": 0.42887582172560074,
        "acc": 0.8599915994947775
    }
}